{"best_params": {"colsample_bytree": 0.8, "learning_rate": 0.135, "max_depth": 7, "min_child_weight": 3, "n_estimators": 165, "subsample": 0.9983529325909218, "verbosity": 0}, "best_trial": {"loss": 0.2129938304424286, "status": "ok", "mae": {"mean_val": 0.1452157199382782, "stdev": 0.005799657199531794}, "mae_percentage_of_iqr": 11.144815054118938, "mse": {"mean_val": 0.04551539197564125, "stdev": 0.005150191951543093}, "mse_percentage_of_iqr": 3.4931522971469935, "rmse": {"mean_val": 0.2129938304424286, "stdev": 0.01220711786299944}, "rmse_percentage_of_iqr": 16.34655565498125}, "feature_importances": {"manufactured_year": 0.4843730628490448, "engine_power": 0.28212419152259827, "mileage": 0.05594206601381302, "engine_torque": 0.035672083497047424, "engine_size": 0.02927873656153679, "height": 0.018375661224126816, "wheelbase": 0.017864685505628586, "extra_urban": 0.014447620138525963, "top_speed": 0.012430756352841854, "co2_emissions": 0.01020635012537241, "width": 0.009864071384072304, "boot_space_seats_up": 0.009179488755762577, "length": 0.009061490185558796, "fuel_tank_capacity": 0.007076153997331858, "urban": 0.004103666637092829}}